CITY,NUM
losangeles.craigslist.org,893
lasvegas.craigslist.org,800
orangecounty.craigslist.org,788
inlandempire.craigslist.org,732
atlanta.craigslist.org,579
denver.craigslist.org,412
miami.craigslist.org,399
odessa.craigslist.org,385
newyork.craigslist.org,378
newyork.craigslist.org,378
phoenix.craigslist.org,376
wyoming.craigslist.org,375
nashville.craigslist.org,349
nh.craigslist.org,301
omaha.craigslist.org,288
philadelphia.craigslist.org,288
pittsburgh.craigslist.org,281
lexington.craigslist.org,276
maine.craigslist.org,272
washingtondc.craigslist.org,266
toronto.craigslist.org,264
norfolk.craigslist.org,263
sfbay.craigslist.org,262
carbondale.craigslist.org,254
buffalo.craigslist.org,249
minneapolis.craigslist.org,248
providence.craigslist.org,245
kansascity.craigslist.org,234
austin.craigslist.org,231
louisville.craigslist.org,223
stlouis.craigslist.org,222
richmond.craigslist.org,220
richmond.craigslist.org,220
delaware.craigslist.org,210
raleigh.craigslist.org,204
raleigh.craigslist.org,204
bakersfield.craigslist.org,199
fresno.craigslist.org,198
boston.craigslist.org,197
cnj.craigslist.org,196
ventura.craigslist.org,193
portland.craigslist.org,187
southjersey.craigslist.org,186
tampa.craigslist.org,183
charlotte.craigslist.org,178
newjersey.craigslist.org,176
vancouver.craigslist.org,175
vancouver.craigslist.org,175
lubbock.craigslist.org,175
eastnc.craigslist.org,173
dayton.craigslist.org,172
baltimore.craigslist.org,168
indianapolis.craigslist.org,166
hudsonvalley.craigslist.org,163
reno.craigslist.org,162
cincinnati.craigslist.org,157
eugene.craigslist.org,154
spokane.craigslist.org,152
mobile.craigslist.org,152
houston.craigslist.org,147
honolulu.craigslist.org,145
anchorage.craigslist.org,145
bham.craigslist.org,138
santamaria.craigslist.org,137
fayetteville.craigslist.org,137
smd.craigslist.org,128
tucson.craigslist.org,127
gulfport.craigslist.org,124
fortmyers.craigslist.org,124
greenville.craigslist.org,124
columbusga.craigslist.org,121
jackson.craigslist.org,121
santabarbara.craigslist.org,120
columbus.craigslist.org,120
jerseyshore.craigslist.org,119
easternshore.craigslist.org,119
chicago.craigslist.org,119
worcester.craigslist.org,118
albuquerque.craigslist.org,118
fayar.craigslist.org,117
westernmass.craigslist.org,116
saltlakecity.craigslist.org,116
newlondon.craigslist.org,116
humboldt.craigslist.org,116
rapidcity.craigslist.org,114
batonrouge.craigslist.org,113
memphis.craigslist.org,112
columbia.craigslist.org,111
slo.craigslist.org,107
scranton.craigslist.org,105
longisland.craigslist.org,105
visalia.craigslist.org,104
westslope.craigslist.org,104
stockton.craigslist.org,103
shreveport.craigslist.org,103
nmi.craigslist.org,103
oklahomacity.craigslist.org,102
rochester.craigslist.org,100
bellingham.craigslist.org,98
hickory.craigslist.org,98
madison.craigslist.org,96
sandiego.craigslist.org,95
seattle.craigslist.org,92
seattle.craigslist.org,92
springfield.craigslist.org,91
reading.craigslist.org,91
neworleans.craigslist.org,90
missoula.craigslist.org,90
cleveland.craigslist.org,89
sanantonio.craigslist.org,88
huntsville.craigslist.org,88
easttexas.craigslist.org,88
boulder.craigslist.org,87
winstonsalem.craigslist.org,85
winstonsalem.craigslist.org,85
syracuse.craigslist.org,85
frederick.craigslist.org,83
asheville.craigslist.org,83
fargo.craigslist.org,81
athensga.craigslist.org,81
bend.craigslist.org,80
knoxville.craigslist.org,80
blacksburg.craigslist.org,79
amarillo.craigslist.org,79
altoona.craigslist.org,79
orlando.craigslist.org,78
tulsa.craigslist.org,77
milwaukee.craigslist.org,77
vermont.craigslist.org,76
onslow.craigslist.org,76
littlerock.craigslist.org,76
modesto.craigslist.org,75
albany.craigslist.org,74
allentown.craigslist.org,72
elmira.craigslist.org,71
erie.craigslist.org,69
desmoines.craigslist.org,68
boise.craigslist.org,68
jacksontn.craigslist.org,68
hartford.craigslist.org,66
grandrapids.craigslist.org,65
fortcollins.craigslist.org,64
elpaso.craigslist.org,64
killeen.craigslist.org,63
harrisburg.craigslist.org,62
grandisland.craigslist.org,62
sacramento.craigslist.org,62
cosprings.craigslist.org,62
charleston.craigslist.org,61
southbend.craigslist.org,61
wausau.craigslist.org,59
southcoast.craigslist.org,58
morgantown.craigslist.org,58
okaloosa.craigslist.org,57
topeka.craigslist.org,56
salem.craigslist.org,56
evansville.craigslist.org,56
santafe.craigslist.org,56
toledo.craigslist.org,54
eastidaho.craigslist.org,54
stgeorge.craigslist.org,53
myrtlebeach.craigslist.org,53
wheeling.craigslist.org,51
roanoke.craigslist.org,50
muncie.craigslist.org,50
medford.craigslist.org,50
springfieldil.craigslist.org,50
newhaven.craigslist.org,49
lakecharles.craigslist.org,48
cookeville.craigslist.org,48
annapolis.craigslist.org,47
goldcountry.craigslist.org,46
bloomington.craigslist.org,46
pennstate.craigslist.org,45
jacksonville.craigslist.org,45
joplin.craigslist.org,44
fredericksburg.craigslist.org,44
up.craigslist.org,43
waco.craigslist.org,42
lafayette.craigslist.org,42
chattanooga.craigslist.org,42
mohave.craigslist.org,41
binghamton.craigslist.org,41
columbiamo.craigslist.org,41
peoria.craigslist.org,40
ocala.craigslist.org,40
northernwi.craigslist.org,40
york.craigslist.org,39
siouxfalls.craigslist.org,39
charlottesville.craigslist.org,39
tippecanoe.craigslist.org,38
harrisonburg.craigslist.org,38
corvallis.craigslist.org,38
victoria.craigslist.org,37
twinfalls.craigslist.org,37
macon.craigslist.org,37
rockies.craigslist.org,37
racine.craigslist.org,37
fairbanks.craigslist.org,36
chico.craigslist.org,36
skagit.craigslist.org,35
pensacola.craigslist.org,35
greenbay.craigslist.org,35
palmsprings.craigslist.org,34
mankato.craigslist.org,33
juneau.craigslist.org,33
gainesville.craigslist.org,33
duluth.craigslist.org,33
centralmich.craigslist.org,33
wilmington.craigslist.org,32
rockford.craigslist.org,32
clarksville.craigslist.org,32
siouxcity.craigslist.org,31
kalispell.craigslist.org,31
annarbor.craigslist.org,31
lancaster.craigslist.org,31
nanaimo.craigslist.org,30
kalamazoo.craigslist.org,30
redding.craigslist.org,30
monterey.craigslist.org,30
billings.craigslist.org,29
kpr.craigslist.org,29
calgary.craigslist.org,28
abbotsford.craigslist.org,28
fortwayne.craigslist.org,27
oregoncoast.craigslist.org,27
wenatchee.craigslist.org,26
stcloud.craigslist.org,26
lawrence.craigslist.org,26
lynchburg.craigslist.org,24
bozeman.craigslist.org,24
augusta.craigslist.org,24
akroncanton.craigslist.org,24
ithaca.craigslist.org,24
flagstaff.craigslist.org,24
lansing.craigslist.org,23
appleton.craigslist.org,23
youngstown.craigslist.org,23
corpuschristi.craigslist.org,23
mansfield.craigslist.org,22
watertown.craigslist.org,21
treasure.craigslist.org,21
saginaw.craigslist.org,21
comoxvalley.craigslist.org,21
statesboro.craigslist.org,19
greatfalls.craigslist.org,19
daytona.craigslist.org,19
olympic.craigslist.org,19
nwct.craigslist.org,19
eauclaire.craigslist.org,19
scottsbluff.craigslist.org,18
prescott.craigslist.org,18
utica.craigslist.org,17
sarasota.craigslist.org,17
quadcities.craigslist.org,16
janesville.craigslist.org,16
lacrosse.craigslist.org,16
pueblo.craigslist.org,15
stjoseph.craigslist.org,14
porthuron.craigslist.org,14
lakeland.craigslist.org,14
flint.craigslist.org,14
brainerd.craigslist.org,14
helena.craigslist.org,13
dubuque.craigslist.org,13
plattsburgh.craigslist.org,12
holland.craigslist.org,12
roseburg.craigslist.org,12
kenai.craigslist.org,12
fortdodge.craigslist.org,12
oneonta.craigslist.org,11
williamsport.craigslist.org,11
susanville.craigslist.org,11
iowacity.craigslist.org,10
butte.craigslist.org,10
sheboygan.craigslist.org,9
fortsmith.craigslist.org,9
boone.craigslist.org,9
cedarrapids.craigslist.org,8
stillwater.craigslist.org,8
pullman.craigslist.org,7
yakima.craigslist.org,6
muskegon.craigslist.org,5
salina.craigslist.org,4
manila.craigslist.org,3
seoul.craigslist.org,1
